"TERYT Powiatu";"Powiat";"Województwo";"Nr okręgu";"Liczba komisji";"Liczba uwzględnionych komisji";"Komisja otrzymała kart do głosowania";"Liczba wyborców uprawnionych do głosowania";"Nie wykorzystano kart do głosowania";"Liczba wyborców, którym wydano karty do głosowania";"Liczba wyborców, którym wysłano pakiety wyborcze";"Liczba wyborców, którym wydano karty do głosowania w lokalu wyborczym oraz w głosowaniu korespondencyjnym (łącznie)";"Liczba wyborców głosujących przez pełnomocnika";"Liczba wyborców głosujących na podstawie zaświadczenia o prawie do głosowania";"Liczba otrzymanych kopert zwrotnych";"Liczba kopert zwrotnych, w których nie było oświadczenia o osobistym i tajnym oddaniu głosu";"Liczba kopert zwrotnych, w których oświadczenie nie było podpisane";"Liczba kopert zwrotnych, w których nie było koperty na kartę do głosowania";"Liczba kopert zwrotnych, w których znajdowała się niezaklejona koperta na kartę do głosowania";"Liczba kopert na kartę do głosowania wrzuconych do urny";"Liczba kart wyjętych z urny";"W tym liczba kart wyjętych z kopert na kartę do głosowania";"Liczba kart nieważnych";"Liczba kart ważnych";"Liczba głosów nieważnych";"W tym z powodu postawienia znaku „X” obok nazwiska dwóch lub większej liczby kandydatów z różnych list";"W tym z powodu niepostawienia znaku „X” obok nazwiska żadnego kandydata";"W tym z powodu postawienia znaku „X” wyłącznie obok nazwiska kandydata na liście, której rejestracja została unieważniona";"Liczba głosów ważnych oddanych łącznie na wszystkie listy kandydatów";"KOMITET WYBORCZY BEZPARTYJNI SAMORZĄDOWCY";"KOALICYJNY KOMITET WYBORCZY TRZECIA DROGA POLSKA 2050 SZYMONA HOŁOWNI - POLSKIE STRONNICTWO LUDOWE";"KOMITET WYBORCZY NOWA LEWICA";"KOMITET WYBORCZY PRAWO I SPRAWIEDLIWOŚĆ";"KOMITET WYBORCZY KONFEDERACJA WOLNOŚĆ I NIEPODLEGŁOŚĆ";"KOALICYJNY KOMITET WYBORCZY KOALICJA OBYWATELSKA PO .N IPL ZIELONI";"KOMITET WYBORCZY POLSKA JEST JEDNA";"KOMITET WYBORCZY WYBORCÓW RUCHU DOBROBYTU I POKOJU";"KOMITET WYBORCZY NORMALNY KRAJ";"KOMITET WYBORCZY ANTYPARTIA";"KOMITET WYBORCZY RUCH NAPRAWY POLSKI";"KOMITET WYBORCZY WYBORCÓW MNIEJSZOŚĆ NIEMIECKA"
20100;"bolesławiecki";"dolnośląskie";1;82;82;62054;66394;15537;46513;24;46537;91;503;21;1;0;0;0;20;46532;20;22;46510;1031;582;449;0;45479;1903;5339;4146;15465;3425;14329;872;;;;;
20200;"dzierżoniowski";"dolnośląskie";2;90;90;69081;74042;18190;50876;48;50924;126;433;44;4;0;0;1;39;50915;39;13;50902;1035;668;367;0;49867;869;6041;3797;17865;3582;16811;902;;;;;
20300;"głogowski";"dolnośląskie";1;57;57;62314;64410;14894;47426;18;47444;68;644;18;1;0;2;3;12;47427;12;6;47421;817;476;341;0;46604;961;4417;4120;17212;2851;16434;609;;;;;
20400;"górowski";"dolnośląskie";3;29;29;23738;25337;7188;16538;6;16544;30;206;6;0;1;0;0;5;16536;5;4;16532;440;264;176;0;16092;706;2031;1623;6478;1123;3888;243;;;;;
20500;"jaworski";"dolnośląskie";1;47;47;35087;37390;9424;25660;10;25670;70;394;10;0;0;0;0;10;25670;10;10;25660;520;311;209;0;25140;644;2796;2507;10139;1529;7250;275;;;;;
20600;"karkonoski";"dolnośląskie";1;58;58;46733;50049;10626;36111;19;36130;98;2090;19;2;0;0;0;17;36124;17;28;36096;657;370;287;0;35439;848;4072;3485;9109;1964;15331;630;;;;;
20700;"kamiennogórski";"dolnośląskie";1;41;41;30438;31724;8551;21888;5;21893;46;318;5;0;0;0;0;5;21886;5;8;21878;521;331;190;0;21357;526;2206;1982;7280;1168;7861;334;;;;;
20800;"kłodzki";"dolnośląskie";2;150;150;112728;120530;30772;81951;41;81992;211;3911;39;5;1;0;0;33;81979;33;10;81969;1676;1106;570;0;80293;1677;10190;5670;27173;4414;29877;1292;;;;;
20900;"legnicki";"dolnośląskie";1;60;60;39278;41552;9414;29867;7;29874;54;365;7;1;0;0;0;6;29871;6;29;29842;712;421;291;0;29130;912;3290;2171;11354;2184;8702;517;;;;;
21000;"lubański";"dolnośląskie";1;44;44;38177;40763;9867;28308;10;28318;50;855;10;2;0;0;0;8;28315;8;4;28311;620;377;243;0;27691;1260;3302;3271;9010;1661;8826;361;;;;;
21100;"lubiński";"dolnośląskie";1;92;92;73555;78054;14997;58550;10;58560;69;992;9;0;0;0;0;9;58552;9;10;58542;1025;676;349;0;57517;3746;5615;4640;22315;3708;16699;794;;;;;
21200;"lwówecki";"dolnośląskie";1;50;50;31928;33765;9485;22443;14;22457;66;349;14;3;0;2;0;9;22450;9;3;22447;610;350;260;0;21837;632;3069;2275;7312;1233;6920;396;;;;;
21300;"milicki";"dolnośląskie";3;36;36;26258;27891;6905;19347;4;19351;28;239;4;0;0;0;0;4;19355;4;5;19350;390;216;174;0;18960;649;2924;1827;7232;1385;4644;299;;;;;
21400;"oleśnicki";"dolnośląskie";3;79;79;75377;80860;16608;58762;23;58785;118;798;23;2;0;0;0;21;58774;21;6;58768;1190;655;535;0;57578;1919;8872;5032;18404;4158;18145;1048;;;;;
21500;"oławski";"dolnośląskie";3;56;56;53673;57635;10258;43406;15;43421;70;443;13;0;0;0;0;13;43427;13;14;43413;552;289;263;0;42861;1510;5620;3445;14353;3230;14016;687;;;;;
21600;"polkowicki";"dolnośląskie";1;52;52;43175;45795;10454;32718;7;32725;70;542;6;0;0;0;0;6;32721;6;15;32706;712;427;285;0;31994;998;3960;2521;14044;2615;7359;497;;;;;
21700;"strzeliński";"dolnośląskie";3;51;51;31810;33826;7702;24106;9;24115;73;276;9;3;0;0;0;6;24112;6;1;24111;512;320;192;0;23599;912;2540;1537;9372;1592;7227;419;;;;;
21800;"średzki";"dolnośląskie";3;57;57;40407;43265;8382;32024;3;32027;39;494;1;0;0;0;0;1;32015;1;5;32010;622;330;292;0;31388;768;4401;2426;10818;2644;9921;410;;;;;
21900;"świdnicki";"dolnośląskie";2;135;135;108460;116272;24639;83806;32;83838;165;819;30;2;1;0;0;27;83836;27;29;83807;1465;997;468;0;82342;1354;9854;7813;27158;5623;29299;1241;;;;;
22000;"trzebnicki";"dolnośląskie";3;106;106;62234;66784;12166;50059;24;50083;85;851;23;0;0;0;0;23;50070;23;24;50046;1082;665;417;0;48964;3142;6193;3895;16115;3390;15255;974;;;;;
22100;"wałbrzyski";"dolnośląskie";2;52;52;38445;41628;10041;28390;26;28416;65;784;25;4;0;1;0;20;28410;20;11;28399;601;427;174;0;27798;439;3432;2236;8325;1597;11258;511;;;;;
22200;"wołowski";"dolnośląskie";3;39;39;34133;36471;8370;25768;13;25781;48;306;12;1;0;0;0;11;25765;11;11;25754;580;323;257;0;25174;1020;3052;1992;9449;1621;7560;480;;;;;
22300;"wrocławski";"dolnośląskie";3;125;125;116683;125656;13859;102815;28;102843;117;1458;27;1;0;0;0;26;102812;26;33;102779;1190;633;557;0;101589;2688;15664;9058;25982;7786;38809;1602;;;;;
22400;"ząbkowicki";"dolnośląskie";2;85;85;45535;48465;13519;32017;12;32029;91;332;11;3;0;0;0;8;32021;8;51;31970;699;452;247;0;31271;696;4242;2153;12572;1837;9350;421;;;;;
22500;"zgorzelecki";"dolnośląskie";1;96;96;62033;67305;14775;47248;20;47268;99;1703;20;2;1;0;0;17;47255;17;11;47244;1076;631;445;0;46168;1483;4658;4709;16370;2920;15319;709;;;;;
22600;"złotoryjski";"dolnośląskie";1;46;46;30207;31909;8586;21623;4;21627;46;302;4;0;0;0;0;4;21626;4;4;21622;511;323;188;0;21111;491;2248;2291;7946;1261;6610;264;;;;;
26100;"Jelenia Góra";"dolnośląskie";1;49;49;54306;58088;11174;43126;60;43186;104;1340;59;4;4;1;0;50;43168;50;14;43154;563;279;284;0;42591;974;4065;4932;10769;2191;19122;538;;;;;
26200;"Legnica";"dolnośląskie";1;49;49;64763;69202;14321;50445;43;50488;85;799;42;11;0;0;2;29;50453;29;54;50399;587;310;277;0;49812;1370;4921;4665;16318;3060;18778;700;;;;;
26400;"Wrocław";"dolnośląskie";3;316;316;472845;508558;60087;412753;366;413119;502;9162;342;22;2;1;5;313;412995;314;240;412755;2906;1443;1463;0;409849;9098;55327;57254;88696;27203;167248;5023;;;;;
26500;"Wałbrzych";"dolnośląskie";2;62;62;70879;75920;18268;52621;57;52678;103;878;54;10;0;0;0;44;52652;44;9;52643;854;485;369;0;51789;773;5456;4137;14704;2425;23593;701;;;;;
40100;"aleksandrowski";"kujawsko-pomorskie";5;66;66;42238;45563;9989;32247;5;32252;64;2834;4;4;0;0;0;0;32241;0;6;32235;893;491;318;84;31342;769;4108;3013;12450;2075;8502;338;87;;;;
40200;"brodnicki";"kujawsko-pomorskie";5;76;76;53975;58336;13828;40150;28;40178;75;457;28;2;1;0;0;25;40165;25;12;40153;1028;609;360;59;39125;394;8622;2492;14528;2502;9171;1261;155;;;;
40300;"bydgoski";"kujawsko-pomorskie";4;117;117;86493;92236;15692;70796;34;70830;84;786;34;5;0;0;0;29;70794;29;16;70778;1193;744;449;0;69585;1026;11979;6193;17958;5047;26349;1033;;;;;
40400;"chełmiński";"kujawsko-pomorskie";5;52;52;34702;37096;9884;24817;14;24831;42;252;14;1;0;0;0;13;24829;13;7;24822;717;394;260;63;24105;377;3397;1952;8443;1623;7909;308;96;;;;
40500;"golubsko-dobrzyński";"kujawsko-pomorskie";5;41;41;31363;33612;8704;22658;6;22664;47;283;6;0;0;0;0;6;22664;6;4;22660;576;329;195;52;22084;298;3933;1975;9281;1625;4562;307;103;;;;
40600;"grudziądzki";"kujawsko-pomorskie";5;57;57;27361;29809;7743;19620;6;19626;42;237;6;1;0;0;0;5;19622;5;3;19619;566;322;201;43;19053;296;3516;1685;7717;1445;4080;236;78;;;;
40700;"inowrocławski";"kujawsko-pomorskie";4;161;161;111163;118114;27394;83763;56;83819;154;2522;52;4;2;2;1;44;83796;44;16;83780;1959;1236;723;0;81821;1644;12049;6960;26913;4647;28563;1045;;;;;
40800;"lipnowski";"kujawsko-pomorskie";5;84;84;45576;48623;14434;31143;10;31153;74;431;10;1;0;0;0;9;31149;9;4;31145;1042;616;365;61;30103;428;6723;2584;12537;1978;5430;259;164;;;;
40900;"mogileński";"kujawsko-pomorskie";4;49;49;32017;34236;8392;23624;3;23627;39;159;3;1;0;0;0;2;23625;2;3;23622;604;401;203;0;23018;533;3984;2455;8448;1488;5786;324;;;;;
41000;"nakielski";"kujawsko-pomorskie";4;99;99;59813;63932;15381;44419;11;44430;78;367;11;2;0;0;0;9;44426;9;7;44419;1254;759;495;0;43165;901;6909;4392;14257;3037;13032;637;;;;;
41100;"radziejowski";"kujawsko-pomorskie";5;56;56;28740;30840;8186;20553;11;20564;65;194;11;1;0;1;0;9;20559;9;1;20558;545;307;197;41;20013;372;3112;1912;9870;1315;3186;173;73;;;;
41200;"rypiński";"kujawsko-pomorskie";5;59;59;30386;32741;8931;21454;4;21458;67;196;4;0;0;0;1;3;21453;3;1;21452;525;300;184;41;20927;273;3762;1739;8866;1316;4597;321;53;;;;
41300;"sępoleński";"kujawsko-pomorskie";4;53;53;27847;29629;8248;19597;5;19602;63;261;5;2;0;0;0;3;19602;3;10;19592;531;329;202;0;19061;412;2512;1674;6847;1226;6055;335;;;;;
41400;"świecki";"kujawsko-pomorskie";4;113;113;67246;72050;18410;48833;33;48866;80;607;30;5;0;0;0;25;48857;25;15;48842;1317;813;504;0;47525;796;7184;3591;16641;3467;15162;684;;;;;
41500;"toruński";"kujawsko-pomorskie";5;89;89;75751;82816;15131;60633;16;60649;108;669;15;2;0;0;0;13;60634;13;16;60618;1280;707;433;140;59338;782;10020;6040;18538;4343;18688;683;244;;;;
41600;"tucholski";"kujawsko-pomorskie";4;60;60;33379;36146;8177;25202;8;25210;39;294;8;0;0;0;1;7;25207;7;4;25203;765;461;304;0;24438;493;3730;1822;10004;1942;5947;500;;;;;
41700;"wąbrzeski";"kujawsko-pomorskie";5;34;34;23011;24845;6994;16016;7;16023;37;114;7;1;0;0;0;6;16024;6;3;16021;451;270;142;39;15570;221;3823;1234;5486;1146;3431;189;40;;;;
41800;"włocławski";"kujawsko-pomorskie";5;100;100;61107;66193;16741;44366;14;44380;128;1014;14;4;0;0;0;10;44373;10;5;44368;1499;883;510;106;42869;844;6294;4872;18498;2846;8931;397;187;;;;
41900;"żniński";"kujawsko-pomorskie";4;97;97;49089;52377;12147;36944;7;36951;88;379;7;1;0;0;0;6;36947;6;11;36936;1056;667;389;0;35880;671;5193;2827;12843;2401;11394;551;;;;;
46100;"Bydgoszcz";"kujawsko-pomorskie";4;208;208;226961;246837;35718;191307;269;191576;254;3317;249;20;2;1;2;224;191483;225;95;191388;1962;1088;874;0;189426;2429;26886;23045;48692;11011;74626;2737;;;;;
46200;"Grudziądz";"kujawsko-pomorskie";5;55;55;59953;64271;14010;45937;26;45963;57;1136;24;2;0;0;0;22;45948;22;36;45912;757;325;331;101;45155;482;6333;5502;12925;2614;16471;554;274;;;;
46300;"Toruń";"kujawsko-pomorskie";5;123;123;137171;146081;23263;113896;105;114001;160;2878;99;10;0;2;0;87;113949;88;100;113849;1197;572;500;125;112652;1234;15038;15723;28363;6642;44041;1252;359;;;;
46400;"Włocławek";"kujawsko-pomorskie";5;68;68;73909;78610;17592;56314;24;56338;139;1067;24;0;1;0;1;22;56321;22;50;56271;1010;517;386;107;55261;988;5627;9750;15629;2762;19720;432;353;;;;
60100;"bialski";"lubelskie";7;132;132;78453;83820;20519;57829;16;57845;121;1148;16;2;1;0;0;13;57835;13;22;57813;1334;817;517;0;56479;1237;7485;3428;28691;4601;8673;2054;310;;;;
60200;"biłgorajski";"lubelskie";7;111;111;72605;76801;20636;51968;13;51981;237;559;11;0;0;0;0;11;51972;11;4;51968;847;531;316;0;51121;697;8356;1601;28585;4079;5992;1568;243;;;;
60300;"chełmski";"lubelskie";7;107;107;54998;58779;18273;36723;15;36738;97;429;14;1;1;0;1;11;36737;11;7;36730;1087;705;382;0;35643;694;3722;1654;18845;3147;6371;1031;179;;;;
60400;"hrubieszowski";"lubelskie";7;85;85;45441;47393;15901;29540;9;29549;94;423;9;1;1;0;0;7;29536;7;4;29532;628;382;246;0;28904;573;3601;1554;15488;2205;4627;767;89;;;;
60500;"janowski";"lubelskie";6;45;45;33411;34677;8283;25127;4;25131;170;282;3;0;0;0;0;3;25128;3;3;25125;376;186;158;32;24749;212;2168;835;16752;2038;2072;596;76;;;;
60600;"krasnostawski";"lubelskie";7;101;101;45858;48826;14078;31779;29;31808;95;498;28;4;0;0;0;24;31798;24;6;31792;781;486;295;0;31011;682;3105;3226;15443;2412;5293;724;126;;;;
60700;"kraśnicki";"lubelskie";6;95;95;68720;71159;20536;48188;23;48211;154;411;22;0;1;0;1;21;48205;21;35;48170;1025;533;427;65;47145;554;6947;2771;26117;3426;6089;1129;112;;;;
60800;"lubartowski";"lubelskie";6;98;98;62842;67066;15303;47538;12;47550;151;560;11;0;0;0;1;10;47541;10;12;47529;1116;544;470;102;46413;844;7024;2231;23890;4474;6332;1375;243;;;;
60900;"lubelski";"lubelskie";6;144;144;114388;122273;23670;90766;24;90790;218;792;23;0;0;0;0;23;90762;20;21;90741;1405;682;541;182;89336;1574;15828;4525;41285;8690;14925;2210;299;;;;
61000;"łęczyński";"lubelskie";6;64;64;40184;42619;9973;30212;13;30225;49;339;13;1;0;0;0;12;30221;12;5;30216;681;393;233;55;29535;500;3322;1274;14582;2903;6011;735;208;;;;
61100;"łukowski";"lubelskie";6;133;133;74665;78700;17185;57479;10;57489;135;646;10;1;0;0;0;9;57472;9;8;57464;1370;711;499;160;56094;1346;7129;1943;30860;5203;7289;2133;191;;;;
61200;"opolski";"lubelskie";6;71;71;43057;45208;13059;29997;10;30007;54;386;9;0;0;0;0;9;30004;9;7;29997;743;371;284;88;29254;390;4404;1275;16105;2308;4195;489;88;;;;
61300;"parczewski";"lubelskie";7;46;46;24556;25977;6753;17803;8;17811;57;269;7;2;0;0;1;4;17799;4;4;17795;415;277;138;0;17380;363;2817;926;8719;1382;2490;579;104;;;;
61400;"puławski";"lubelskie";6;109;109;83591;87866;18994;64601;56;64657;218;1586;49;5;1;0;0;43;64631;42;53;64578;1204;568;487;149;63374;1071;9584;3677;28212;5144;14244;1189;253;;;;
61500;"radzyński";"lubelskie";7;77;77;42383;44197;11509;30872;14;30886;82;422;12;0;0;0;0;12;30882;12;7;30875;725;481;244;0;30150;912;4824;1278;16332;2420;3335;917;132;;;;
61600;"rycki";"lubelskie";6;78;78;39782;42057;8642;31136;3;31139;100;485;2;0;0;0;0;2;31135;2;7;31128;623;305;265;53;30505;444;5210;1612;15614;2271;4720;518;116;;;;
61700;"świdnicki";"lubelskie";6;61;61;51222;54373;11986;39250;19;39269;114;358;19;0;0;0;1;18;39249;18;40;39209;560;269;227;64;38649;574;6788;2164;17686;3132;7447;734;124;;;;
61800;"tomaszowski";"lubelskie";7;112;112;59933;62858;19243;40689;8;40697;148;513;8;3;0;0;0;5;40689;5;8;40681;806;519;287;0;39875;1044;4762;1716;22389;3143;5719;948;154;;;;
61900;"włodawski";"lubelskie";7;52;52;27998;29281;8328;19670;7;19677;66;466;7;2;0;0;0;5;19675;5;4;19671;521;338;183;0;19150;328;3090;1319;8724;1372;3813;415;89;;;;
62000;"zamojski";"lubelskie";7;149;149;77211;81462;22474;54733;30;54763;183;838;27;1;0;1;0;25;54747;25;11;54736;1161;724;437;0;53575;1421;6365;2327;30491;4332;6705;1585;349;;;;
66100;"Biała Podlaska";"lubelskie";7;29;29;39680;42256;8447;31240;23;31263;63;1011;23;1;0;0;0;22;31229;22;9;31220;413;272;141;0;30807;512;3505;1996;12589;2250;8863;950;142;;;;
66200;"Chełm";"lubelskie";7;36;36;43159;45531;11787;31367;29;31396;40;289;27;2;2;0;0;23;31390;25;12;31378;455;279;176;0;30923;528;3312;2316;12185;2078;9707;670;127;;;;
66300;"Lublin";"lubelskie";6;211;211;242965;257526;47837;195119;214;195333;299;3643;200;11;1;0;0;189;195262;189;74;195188;1895;806;846;243;193293;2835;34490;14776;63744;14736;58388;3784;540;;;;
66400;"Zamość";"lubelskie";7;35;35;43956;45930;11699;32251;36;32287;53;767;34;3;0;0;0;31;32259;31;15;32244;390;219;171;0;31854;531;4633;2350;13401;2173;7913;722;131;;;;
80100;"gorzowski";"lubuskie";8;69;69;51298;54222;11965;39331;8;39339;44;616;7;0;0;0;0;7;39332;7;10;39322;942;551;311;80;38380;890;5699;3814;10202;2968;14316;413;;;78;;
80200;"krośnieński";"lubuskie";8;63;63;37870;40830;9845;28024;6;28030;53;667;6;0;0;0;0;6;28024;6;20;28004;814;495;263;56;27190;595;3867;1846;7366;1589;11646;223;;;58;;
80300;"międzyrzecki";"lubuskie";8;65;65;40241;42919;10537;29701;11;29712;45;807;11;1;0;0;0;10;29697;10;11;29686;915;608;250;57;28771;840;5053;2620;8322;1947;9659;260;;;70;;
80400;"nowosolski";"lubuskie";8;65;65;58297;62801;14399;43885;44;43929;77;578;39;7;1;0;2;30;43904;30;21;43883;1021;567;363;91;42862;945;6253;3289;13464;2693;15551;569;;;98;;
80500;"słubicki";"lubuskie";8;38;38;33000;35993;7653;25346;6;25352;46;1224;6;0;1;0;0;5;25347;5;5;25342;701;442;199;60;24641;534;3434;3230;6243;1678;9232;248;;;42;;
80600;"strzelecko-drezdenecki";"lubuskie";8;52;52;33752;36211;9502;24250;12;24262;46;405;11;1;0;1;0;9;24249;9;4;24245;764;490;205;69;23481;422;4732;1811;7528;1332;7291;324;;;41;;
80700;"sulęciński";"lubuskie";8;49;49;24731;25903;7091;17638;0;17638;39;408;0;0;0;0;0;0;17635;0;7;17628;735;440;174;121;16893;757;2272;1165;5587;1160;5743;167;;;42;;
80800;"świebodziński";"lubuskie";8;58;58;38422;41249;9205;29218;15;29233;29;450;15;0;0;0;0;15;29229;15;5;29224;769;462;223;84;28455;715;4573;2256;8285;1988;10239;339;;;60;;
80900;"zielonogórski";"lubuskie";8;75;75;53583;56889;12871;40709;31;40740;58;731;28;8;1;0;1;18;40732;18;15;40717;1180;686;415;79;39537;1200;6161;3441;10269;2793;15150;438;;;85;;
81000;"żagański";"lubuskie";8;77;77;53295;56558;15210;38086;35;38121;70;664;34;4;0;0;1;29;38107;29;15;38092;1022;561;350;111;37070;846;5634;3051;12222;2334;12495;400;;;88;;
81100;"żarski";"lubuskie";8;83;83;65386;69712;17580;47802;37;47839;64;785;34;0;0;0;0;34;47832;34;10;47822;1164;677;398;89;46658;939;6480;4352;13575;3280;17473;437;;;122;;
81200;"wschowski";"lubuskie";8;44;44;26563;28678;7173;19390;7;19397;34;392;7;0;0;0;0;7;19389;7;2;19387;550;351;164;35;18837;354;3043;1330;7238;1239;5315;274;;;44;;
86100;"Gorzów Wielkopolski";"lubuskie";8;68;68;81578;86213;17462;64116;56;64172;86;1338;52;4;0;1;0;47;64146;47;67;64079;958;535;322;101;63121;1300;9248;6042;16297;4057;25109;847;;;221;;
86200;"Zielona Góra";"lubuskie";8;77;77;95369;103739;13270;82084;66;82150;133;1105;64;2;0;0;3;59;82120;59;71;82049;904;429;353;122;81145;1617;11484;9664;16932;4614;35872;855;;;107;;
100100;"bełchatowski";"łódzkie";10;79;79;79829;84311;15836;63994;11;64005;135;929;11;2;0;2;0;9;63990;9;20;63970;1406;770;466;170;62564;2627;7072;4374;29072;6524;11539;984;372;;;;
100200;"kutnowski";"łódzkie";11;86;86;68530;72674;17068;51462;23;51485;137;560;23;4;1;2;0;16;51458;16;34;51424;1271;678;505;88;50153;927;5427;4657;22508;2871;13042;534;187;;;;
100300;"łaski";"łódzkie";11;60;60;36007;38758;6802;29207;8;29215;59;333;7;0;0;0;0;7;29218;7;16;29202;626;313;246;67;28576;395;4362;2087;11950;1928;7350;381;123;;;;
100400;"łęczycki";"łódzkie";11;53;53;36777;38870;9468;27231;15;27246;56;183;15;1;0;0;0;14;27241;14;6;27235;816;409;334;73;26419;478;3225;1522;13050;1879;5760;354;151;;;;
100500;"łowicki";"łódzkie";11;81;81;56043;60190;11465;44572;11;44583;70;561;10;0;0;0;0;10;44586;10;16;44570;1177;530;554;93;43393;737;7244;2774;20205;4178;7532;585;138;;;;
100600;"łódzki wschodni";"łódzkie";9;87;87;55521;57888;9085;46435;7;46442;84;598;7;1;1;0;0;5;46433;5;13;46420;526;302;224;0;45894;658;6103;3994;16604;3275;14477;783;;;;;
100700;"opoczyński";"łódzkie";10;92;92;54287;57146;11055;43233;22;43255;83;353;21;3;0;0;0;18;43239;18;11;43228;859;470;292;97;42369;606;6263;1875;24437;3197;5361;481;149;;;;
100800;"pabianicki";"łódzkie";11;72;72;84807;91368;13253;71546;26;71572;211;1061;26;7;0;0;0;19;71539;19;65;71474;1179;576;464;139;70295;1061;8951;7759;22126;4426;24560;933;479;;;;
100900;"pajęczański";"łódzkie";11;44;44;37253;39358;8379;28874;9;28883;84;306;9;1;0;0;0;8;28874;8;16;28858;726;383;281;62;28132;379;4610;1680;14939;1829;4232;320;143;;;;
101000;"piotrkowski";"łódzkie";10;93;93;65970;70688;13414;52544;11;52555;102;702;11;0;0;1;0;10;52549;10;6;52543;1141;637;395;109;51402;845;8225;2591;27191;3975;7656;715;204;;;;
101100;"poddębicki";"łódzkie";11;55;55;30017;32585;6361;23655;13;23668;45;401;9;0;0;0;0;9;23661;9;5;23656;703;370;280;53;22953;391;4613;1371;10717;1364;3971;439;87;;;;
101200;"radomszczański";"łódzkie";10;107;107;80188;85438;18602;61584;22;61606;180;795;19;4;0;0;1;14;61590;14;16;61574;1408;781;472;155;60166;1435;6269;3727;28181;3742;15700;729;383;;;;
101300;"rawski";"łódzkie";10;38;38;33987;37200;6966;27010;4;27014;36;284;4;0;0;0;0;4;27002;4;16;26986;732;374;298;60;26254;419;4695;1287;12863;2278;4226;411;75;;;;
101400;"sieradzki";"łódzkie";11;101;101;85191;89584;19608;65564;49;65613;112;526;48;12;0;1;0;37;65596;37;54;65542;1529;855;553;121;64013;1243;9344;3962;29300;4453;14256;1240;215;;;;
101500;"skierniewicki";"łódzkie";10;42;42;27385;29784;4336;23046;7;23053;45;424;5;0;0;1;0;4;23043;4;2;23041;578;292;230;56;22463;442;3516;1441;11898;1918;2698;464;86;;;;
101600;"tomaszowski";"łódzkie";10;91;91;82448;86678;16628;65811;32;65843;107;803;28;0;0;0;0;28;65830;28;20;65810;1406;765;533;108;64404;1149;9223;4021;27981;4384;16648;772;226;;;;
101700;"wieluński";"łódzkie";11;88;88;55021;58142;12154;42863;7;42870;97;495;7;0;0;0;0;7;42870;7;5;42865;866;458;335;73;41999;585;6591;2613;19392;2661;9383;634;140;;;;
101800;"wieruszowski";"łódzkie";11;45;45;30467;32988;6657;23808;5;23813;37;561;5;2;0;0;0;3;23808;3;1;23807;556;263;250;43;23251;349;3954;1610;9804;1945;4452;509;628;;;;
101900;"zduńskowolski";"łódzkie";11;43;43;46587;49182;10000;36588;8;36596;57;356;8;1;0;0;0;7;36592;7;16;36576;678;338;281;59;35898;494;5825;1974;14292;2245;10357;594;117;;;;
102000;"zgierski";"łódzkie";11;135;135;119506;128176;19679;99830;38;99868;165;1577;35;2;1;0;0;32;99831;32;45;99786;1740;783;753;204;98046;1614;13167;9179;32748;6604;33143;1224;367;;;;
102100;"brzeziński";"łódzkie";9;45;45;22521;24008;4366;18154;5;18159;54;223;5;0;0;0;0;5;18154;5;1;18153;332;189;143;0;17821;315;2523;1364;8004;1299;4058;258;;;;;
106100;"Łódź";"łódzkie";9;322;322;470687;499671;74284;396615;379;396994;592;7054;331;32;5;0;1;297;396482;297;319;396163;3326;1693;1633;0;392837;4651;45657;50412;97825;20854;168992;4446;;;;;
106200;"Piotrków Trybunalski";"łódzkie";10;41;41;50089;53424;9937;40126;35;40161;65;623;33;3;0;0;0;30;40139;30;24;40115;557;317;183;57;39558;565;4873;3273;14161;2378;13737;471;100;;;;
106300;"Skierniewice";"łódzkie";10;27;27;32504;35400;4479;28006;18;28024;57;399;16;1;0;0;0;15;28007;15;28;27979;340;130;156;54;27639;509;4343;2751;9145;1851;8518;430;92;;;;
120100;"bocheński";"małopolskie";15;85;85;77604;81728;15800;61797;28;61825;152;545;25;1;0;0;0;24;61807;24;11;61796;941;567;374;0;60855;713;11450;2065;31630;4914;8666;1417;;;;;
120200;"brzeski";"małopolskie";15;75;75;66086;70436;16860;49226;21;49247;102;546;20;1;0;0;0;19;49235;19;14;49221;898;540;358;0;48323;628;8077;1679;25387;4476;6708;1368;;;;;
120300;"chrzanowski";"małopolskie";12;92;92;86429;93368;16349;70074;64;70138;110;759;59;4;0;0;0;55;70096;55;57;70039;964;608;356;0;69075;1128;10088;5865;24663;4647;21772;912;;;;;
120400;"dąbrowski";"małopolskie";15;63;63;42471;44970;14189;28278;6;28284;68;269;6;3;0;0;0;3;28282;3;4;28278;571;326;245;0;27707;385;4237;698;17241;1979;2728;439;;;;;
120500;"gorlicki";"małopolskie";14;99;99;77756;82316;20973;56783;53;56836;141;1048;49;8;0;0;0;41;56804;41;16;56788;995;621;374;0;55793;1170;8087;2142;28917;4475;9272;1730;;;;;
120600;"krakowski";"małopolskie";13;251;251;205929;221819;32145;173724;68;173792;336;2129;63;4;0;0;3;56;173747;56;46;173701;2796;1266;1168;362;170905;2561;28138;11170;67763;14616;43605;3052;;;;;
120700;"limanowski";"małopolskie";14;114;114;91455;98010;19894;71562;107;71669;115;934;106;6;0;0;0;100;71654;100;6;71648;1232;738;494;0;70416;1495;9631;1759;42203;6059;6547;2722;;;;;
120800;"miechowski";"małopolskie";13;89;89;34924;37909;8408;26513;5;26518;59;274;5;0;0;0;0;5;26517;5;8;26509;561;253;262;46;25948;411;3876;1534;13701;1976;3825;625;;;;;
120900;"myślenicki";"małopolskie";12;97;97;89962;98121;14897;75062;30;75092;122;1141;29;1;0;0;0;28;75086;28;24;75062;1197;740;457;0;73865;1078;12318;2750;36454;7010;12430;1825;;;;;
121000;"nowosądecki";"małopolskie";14;192;192;153057;163827;31299;121751;77;121828;240;3761;75;9;0;3;0;63;121798;63;17;121781;1962;1122;840;0;119819;3461;11708;3192;70795;11059;14627;4977;;;;;
121100;"nowotarski";"małopolskie";14;155;155;136266;146968;39207;97061;48;97109;167;3168;43;8;0;0;0;35;97089;35;6;97083;1946;1183;763;0;95137;2559;10033;2979;50009;8773;16161;4623;;;;;
121200;"olkuski";"małopolskie";13;101;101;78446;84150;15124;63323;27;63350;122;720;26;0;0;0;0;26;63331;26;8;63323;1082;529;412;141;62241;1486;9017;6217;26009;4422;14142;948;;;;;
121300;"oświęcimski";"małopolskie";12;107;107;108249;115061;20255;87990;36;88026;225;669;35;3;0;0;0;32;88015;32;14;88001;1176;667;509;0;86825;1949;12165;7028;33439;5960;24715;1569;;;;;
121400;"proszowicki";"małopolskie";15;82;82;31129;33742;7609;23509;0;23509;48;271;0;0;0;0;0;0;23510;0;9;23501;566;350;216;0;22935;268;4631;919;12240;1908;2601;368;;;;;
121500;"suski";"małopolskie";12;62;62;59603;64175;13597;46012;16;46028;146;631;16;0;0;0;0;16;46025;16;18;46007;843;511;332;0;45164;664;5886;1902;22869;4113;8681;1049;;;;;
121600;"tarnowski";"małopolskie";15;192;192;143823;152814;37212;106571;82;106653;193;905;81;1;1;0;1;78;106637;78;30;106607;1836;1089;747;0;104771;1697;17133;3327;58720;8518;12665;2711;;;;;
121700;"tatrzański";"małopolskie";14;54;54;51712;58090;10280;41433;29;41462;77;4333;27;3;0;1;1;22;41450;22;5;41445;598;356;242;0;40847;1057;4854;1612;18205;3236;9714;2169;;;;;
121800;"wadowicki";"małopolskie";12;116;116;112776;121841;21474;91301;40;91341;198;771;37;2;0;0;0;35;91313;35;34;91279;1537;931;606;0;89742;1668;14128;4491;38883;7024;20810;2738;;;;;
121900;"wielicki";"małopolskie";15;108;108;95812;103342;14286;81567;39;81606;127;1414;38;0;0;0;0;38;81568;38;25;81543;985;518;467;0;80558;1158;17636;4301;29656;6658;19428;1721;;;;;
126100;"Kraków";"małopolskie";13;454;454;581460;613943;78155;503138;462;503600;760;11096;437;26;10;4;8;395;503364;395;263;503101;4673;2049;1974;650;498428;6958;86662;64712;124957;37421;171227;6491;;;;;
126200;"Nowy Sącz";"małopolskie";14;53;53;57314;60529;11606;45710;57;45767;72;493;55;5;0;1;0;49;45730;46;9;45721;441;240;201;0;45280;901;5174;1910;19458;3699;12483;1655;;;;;
126300;"Tarnów";"małopolskie";15;74;74;77626;81545;18617;58993;95;59088;131;874;90;13;0;0;0;77;59055;76;21;59034;592;332;260;0;58442;717;12065;3163;21559;3788;15894;1256;;;;;
140100;"białobrzeski";"mazowieckie";17;38;38;23450;26125;3715;19778;9;19787;41;276;9;0;0;0;0;9;19781;9;8;19773;486;308;178;0;19287;277;2491;825;10992;1421;2976;227;78;;;;
140200;"ciechanowski";"mazowieckie";16;70;70;62860;67241;14226;48632;18;48650;99;562;15;0;0;0;0;15;48635;15;10;48625;933;564;369;0;47692;823;7065;3098;22320;3226;10444;716;;;;;
140300;"garwoliński";"mazowieckie";18;142;142;77619;82911;13202;64410;16;64426;138;875;16;0;0;0;0;16;64421;16;12;64409;1453;815;526;112;62956;1122;9102;2442;34815;5118;8726;1443;;103;;85;
140400;"gostyniński";"mazowieckie";16;51;51;32526;34253;8389;24133;12;24145;55;290;12;0;0;1;0;11;24146;11;9;24137;595;358;237;0;23542;501;3263;1193;11396;1469;5436;284;;;;;
140500;"grodziski";"mazowieckie";20;54;54;69943;76274;7168;62797;49;62846;117;1472;45;3;0;0;0;42;62837;42;17;62820;660;341;319;0;62160;1386;10327;4348;17995;4528;22552;1024;;;;;
140600;"grójecki";"mazowieckie";17;93;93;72143;80216;10255;61872;49;61921;107;2930;49;0;0;0;0;49;61879;49;20;61859;1052;576;476;0;60807;881;12782;4064;24464;4404;12891;848;473;;;;
140700;"kozienicki";"mazowieckie";17;67;67;43648;46815;8974;34671;20;34691;93;483;18;3;0;0;0;15;34680;15;40;34640;686;438;248;0;33954;521;4728;1678;17297;2397;6625;535;173;;;;
140800;"legionowski";"mazowieckie";20;72;72;89300;95373;9874;79420;26;79446;130;2386;25;1;0;0;2;22;79434;22;37;79397;706;386;320;0;78691;1780;11383;5689;22696;5101;30993;1049;;;;;
140900;"lipski";"mazowieckie";17;45;45;24238;26091;6741;17496;2;17498;26;234;2;0;0;0;0;2;17496;2;1;17495;413;227;186;0;17082;424;2321;943;9634;1184;2270;252;54;;;;
141000;"łosicki";"mazowieckie";18;47;47;22033;23294;5502;16529;6;16535;34;259;6;0;0;0;0;6;16535;6;4;16531;387;220;137;30;16144;208;2572;743;9159;1470;1594;335;;42;;21;
141100;"makowski";"mazowieckie";18;55;55;31918;34075;7794;24121;4;24125;61;429;3;0;0;0;0;3;24123;3;1;24122;765;437;278;50;23357;657;4403;944;11984;1716;3316;261;;38;;38;
141200;"miński";"mazowieckie";18;122;122;115691;125194;15942;99750;127;99877;104;3427;123;10;1;1;3;108;99801;108;46;99755;1592;741;670;181;98163;1994;14858;5885;37532;7466;28362;1736;;161;;169;
141300;"mławski";"mazowieckie";16;65;65;50552;54107;13002;37553;19;37572;74;423;19;1;0;0;0;18;37565;18;1;37564;839;570;269;0;36725;507;6086;2060;17480;2700;7439;453;;;;;
141400;"nowodworski";"mazowieckie";20;54;54;56945;61439;10265;46664;13;46677;84;1054;11;0;0;0;0;11;46678;11;17;46661;790;457;333;0;45871;1066;6600;3265;17066;3091;14148;635;;;;;
141500;"ostrołęcki";"mazowieckie";18;116;116;64069;68103;17240;46832;13;46845;94;380;11;0;1;0;1;9;46838;9;6;46832;1404;731;518;155;45428;939;6316;2063;24624;4371;5981;975;;91;;68;
141600;"ostrowski";"mazowieckie";18;92;92;51497;54879;11974;39459;5;39464;161;612;3;0;0;0;0;3;39488;3;9;39479;900;455;349;96;38579;565;5890;1893;20661;2902;5900;632;;71;;65;
141700;"otwocki";"mazowieckie";20;106;106;90605;97021;10661;79973;62;80035;118;1957;58;2;0;1;0;55;80016;55;53;79963;1014;536;478;0;78949;1992;12113;4813;29662;5781;23168;1420;;;;;
141800;"piaseczyński";"mazowieckie";20;124;124;138066;148330;13926;124068;79;124147;150;4366;69;9;0;0;0;60;124131;60;84;124047;1248;615;633;0;122799;2300;18794;9401;32813;8250;49402;1839;;;;;
141900;"płocki";"mazowieckie";16;136;136;79547;85651;19163;60380;16;60396;108;502;13;3;0;0;0;10;60383;10;12;60371;1507;917;590;0;58864;1485;12261;3025;28188;3924;9319;662;;;;;
142000;"płoński";"mazowieckie";16;82;82;62512;67957;15905;46607;9;46616;88;926;9;1;0;0;0;8;46608;8;7;46601;1225;714;511;0;45376;1067;7061;2585;21374;3020;9523;746;;;;;
142100;"pruszkowski";"mazowieckie";20;92;92;122507;129412;13283;109213;95;109308;163;3028;90;5;1;0;2;83;109280;83;59;109221;948;407;541;0;108273;2134;17583;7966;30209;7000;41858;1523;;;;;
142200;"przasnyski";"mazowieckie";16;63;63;36576;38714;9976;26592;8;26600;62;254;5;0;0;0;0;5;26602;5;3;26599;621;364;257;0;25978;440;3560;1260;13557;1900;4807;454;;;;;
142300;"przysuski";"mazowieckie";17;66;66;30470;31999;5999;24452;11;24463;110;483;11;0;0;0;0;11;24460;11;6;24454;526;276;250;0;23928;297;3106;837;15345;1649;2360;282;52;;;;
142400;"pułtuski";"mazowieckie";18;56;56;37459;40527;7820;29645;25;29670;93;786;22;0;0;0;0;22;29660;22;15;29645;887;469;357;61;28758;366;5782;1635;13239;2173;5065;390;;52;;56;
142500;"radomski";"mazowieckie";17;135;135;108410;115706;23744;84661;39;84700;144;805;35;3;0;0;2;30;84670;30;47;84623;1579;1015;564;0;83044;1735;9869;3612;45814;6682;13540;1402;390;;;;
142600;"siedlecki";"mazowieckie";18;94;94;58286;62454;11737;46555;27;46582;63;508;26;7;0;0;0;19;46571;19;9;46562;1007;515;402;90;45555;966;5926;1619;26385;4446;4966;1051;;130;;66;
142700;"sierpecki";"mazowieckie";16;53;53;36398;38730;10152;26246;3;26249;89;260;2;0;0;0;0;2;26243;2;6;26237;618;376;242;0;25619;473;4906;1419;12812;1727;3965;317;;;;;
142800;"sochaczewski";"mazowieckie";16;67;67;59771;64914;10537;49232;9;49241;102;882;9;0;0;0;0;9;49238;9;15;49223;712;414;298;0;48511;1162;9603;2826;19823;3306;11102;689;;;;;
142900;"sokołowski";"mazowieckie";18;55;55;39198;41191;8501;30695;10;30705;113;427;10;5;0;0;0;5;30697;5;12;30685;625;304;240;81;30060;423;5049;1040;16115;2491;4261;547;;85;;49;
143000;"szydłowiecki";"mazowieckie";17;36;36;27811;29864;6925;20884;4;20888;62;224;4;0;0;0;0;4;20887;4;5;20882;507;334;173;0;20375;365;2096;814;11464;1713;3547;325;51;;;;
143200;"warszawski zachodni";"mazowieckie";20;69;69;90647;95762;10475;80237;27;80264;120;2546;24;1;0;0;1;22;80234;22;26;80208;728;365;363;0;79480;1612;11382;5648;23215;5475;30886;1262;;;;;
143300;"węgrowski";"mazowieckie";18;72;72;46994;50771;9430;37550;32;37582;83;604;32;7;1;0;0;24;37560;24;9;37551;843;460;296;87;36708;594;5144;1563;19691;2869;6144;580;;56;;67;
143400;"wołomiński";"mazowieckie";20;167;167;182257;193346;25838;156400;46;156446;187;3103;45;2;0;1;0;42;156388;42;40;156348;1827;937;890;0;154521;4301;21904;10426;58249;12347;44463;2831;;;;;
143500;"wyszkowski";"mazowieckie";18;65;65;53789;58364;9868;43904;4;43908;111;1160;1;0;0;0;0;1;43907;1;13;43894;1047;552;387;108;42847;784;8546;1977;19571;3487;7686;641;;94;;61;
143600;"zwoleński";"mazowieckie";17;43;43;25396;27568;6404;18993;2;18995;32;252;2;0;0;0;0;2;18994;2;24;18970;396;261;135;0;18574;348;2741;979;10280;1391;2273;467;95;;;;
143700;"żuromiński";"mazowieckie";16;36;36;27424;28789;7781;19643;20;19663;53;209;20;1;0;0;0;19;19664;19;0;19664;464;314;150;0;19200;216;3622;2223;9305;1036;2537;261;;;;;
143800;"żyrardowski";"mazowieckie";16;64;64;54014;60046;7216;46791;12;46803;59;2165;11;1;0;0;1;9;46805;10;19;46786;621;356;265;0;46165;1175;6767;4172;16512;3123;13640;776;;;;;
146100;"Ostrołęka";"mazowieckie";18;29;29;35596;37369;8341;27254;29;27283;39;452;28;0;0;0;1;27;27286;26;1;27285;462;192;165;105;26823;424;4084;1862;10949;2043;6823;562;;44;;32;
146200;"Płock";"mazowieckie";16;70;70;82609;86942;16876;65665;45;65710;88;1123;43;1;1;0;1;40;65666;40;23;65643;748;468;280;0;64895;1135;11332;4987;22451;3446;20934;610;;;;;
146300;"Radom";"mazowieckie";17;115;115;140837;150435;25502;115306;74;115380;149;1691;70;6;0;0;0;64;115349;62;91;115258;1107;610;497;0;114151;1825;14556;7122;45128;7752;35521;1645;602;;;;
146400;"Siedlce";"mazowieckie";18;43;43;53629;57206;9036;44588;31;44619;42;787;29;5;0;0;0;24;44589;24;10;44579;549;290;197;62;44030;1003;6009;2483;17511;3747;12078;1076;;77;;46;
146501;"Warszawa";"mazowieckie";19;805;805;1300187;1357214;133771;1152913;911;1153824;1653;34032;830;59;1;6;2;766;1153446;1813;863;1152583;7639;3562;4077;0;1144944;17093;157745;148116;252746;73083;483832;12329;;;;;
;"statki";;19;8;8;451;410;61;390;0;390;0;55;0;0;0;0;0;0;390;0;1;389;6;6;0;0;383;13;56;43;58;63;144;6;;;;;
;"zagranica";;19;416;416;761589;636099;186170;575230;0;575230;0;29351;0;0;0;0;0;0;575149;0;476;574673;5281;2488;2793;0;569392;6344;69326;82489;92576;51074;257310;10273;;;;;
160100;"brzeski";"opolskie";21;104;104;62102;66567;15411;46689;43;46732;93;504;37;1;0;0;0;36;46716;36;21;46695;889;497;392;0;45806;737;5230;3397;17152;3416;15030;734;;;;;110
160200;"głubczycki";"opolskie";21;64;64;32651;33794;10395;22255;12;22267;57;297;12;1;0;0;0;11;22260;11;2;22258;532;313;219;0;21726;412;1913;1152;9828;1339;6610;376;;;;;96
160300;"kędzierzyńsko-kozielski";"opolskie";21;73;73;62976;67625;18829;44147;21;44168;83;542;19;2;0;0;0;17;44150;17;43;44107;1025;683;342;0;43082;743;4795;3123;11674;2521;16614;770;;;;;2842
160400;"kluczborski";"opolskie";21;70;70;45164;48374;14077;31087;21;31108;76;496;20;4;0;0;1;15;31102;15;2;31100;674;414;260;0;30426;326;5336;1852;10342;1993;9070;472;;;;;1035
160500;"krapkowicki";"opolskie";21;57;57;43498;47276;14679;28808;18;28826;42;356;18;1;0;0;0;17;28825;17;1;28824;826;622;204;0;27998;589;4108;1799;6636;1766;8785;518;;;;;3797
160600;"namysłowski";"opolskie";21;71;71;30166;32432;7424;22742;7;22749;40;275;5;1;0;0;0;4;22740;4;15;22725;549;361;188;0;22176;342;3938;1724;8180;1619;5958;320;;;;;95
160700;"nyski";"opolskie";21;142;142;96243;101958;28157;68078;59;68137;163;1079;58;15;2;0;0;41;68110;41;12;68098;1297;768;529;0;66801;913;7558;4295;27584;4612;20642;904;;;;;293
160800;"oleski";"opolskie";21;69;69;45490;49041;14689;30801;10;30811;56;338;9;0;0;0;0;9;30799;9;8;30791;795;489;306;0;29996;565;4350;1996;9987;1825;7930;658;;;;;2685
160900;"opolski";"opolskie";21;132;132;87656;95340;27341;60315;12;60327;93;745;12;2;0;2;0;10;60318;10;2;60316;1565;1079;486;0;58751;866;7865;4138;14538;3769;19620;1159;;;;;6796
161000;"prudnicki";"opolskie";21;73;73;37874;40659;12234;25740;9;25749;51;180;8;0;0;0;0;8;25745;8;4;25741;617;421;196;0;25124;426;2724;1547;9363;1815;6750;483;;;;;2016
161100;"strzelecki";"opolskie";21;81;81;53140;57345;18049;35089;14;35103;50;251;11;0;0;0;0;11;35093;11;1;35092;1161;801;360;0;33931;586;4372;1993;8843;2089;10813;890;;;;;4345
166100;"Opole";"opolskie";21;85;85;92369;96778;17275;74917;78;74995;110;1381;71;5;0;0;1;65;74930;65;47;74883;732;412;320;0;74151;1016;8966;7747;15895;4386;33419;1054;;;;;1668
180100;"bieszczadzki";"podkarpackie";22;37;37;16175;17371;4864;11312;3;11315;19;635;3;0;0;0;0;3;11313;3;0;11313;238;166;72;0;11075;176;3297;462;4174;1019;1899;;48;;;;
180200;"brzozowski";"podkarpackie";22;59;59;47194;49763;13811;33382;15;33397;146;337;14;0;1;0;0;13;33394;13;7;33387;574;370;204;0;32813;516;4073;1012;21553;2787;2754;;118;;;;
180300;"dębicki";"podkarpackie";23;117;117;97198;102205;24595;72637;28;72665;270;636;27;5;0;0;0;22;72647;22;20;72627;1082;613;469;0;71545;867;8209;2739;39806;6384;11597;1943;;;;;
180400;"jarosławski";"podkarpackie";22;120;120;85492;90678;23635;61871;39;61910;175;682;38;4;0;0;0;34;61888;34;14;61874;1108;646;462;0;60766;1591;7072;2367;35567;5262;8624;;283;;;;
180500;"jasielski";"podkarpackie";22;128;128;82187;86552;22973;59179;16;59195;152;492;14;1;0;0;0;13;59184;13;29;59155;1092;663;429;0;58063;1177;6878;2292;34236;5131;8064;;285;;;;
180600;"kolbuszowski";"podkarpackie";23;65;65;45745;47520;14610;31135;9;31144;109;166;9;0;0;0;0;9;31139;9;3;31136;425;231;194;0;30711;365;2530;1346;18772;3781;3207;710;;;;;
180700;"krośnieński";"podkarpackie";22;109;109;83104;87463;22729;60375;51;60426;167;2175;51;4;0;0;0;47;60403;47;12;60391;980;591;389;0;59411;1424;7917;2413;33670;5140;8647;;200;;;;
180800;"leżajski";"podkarpackie";23;58;58;50609;51843;15241;35368;5;35373;103;283;5;0;0;0;0;5;35372;5;54;35318;454;251;203;0;34864;280;5983;792;21514;2918;2676;701;;;;;
180900;"lubaczowski";"podkarpackie";22;66;66;40296;42292;12787;27509;1;27510;77;580;1;0;0;0;0;1;27506;1;16;27490;613;407;206;0;26877;385;4248;1871;14926;2204;3075;;168;;;;
181000;"łańcucki";"podkarpackie";23;57;57;58982;62178;13292;45688;25;45713;63;581;25;7;0;0;1;17;45696;17;5;45691;516;299;217;0;45175;792;5431;1740;25281;4494;6092;1345;;;;;
181100;"mielecki";"podkarpackie";23;123;123;98024;102127;25966;72174;45;72219;196;521;42;2;1;0;1;38;72191;38;13;72178;967;525;442;0;71211;1062;9255;3217;38010;6061;12141;1465;;;;;
181200;"niżański";"podkarpackie";23;83;83;49002;50361;16617;32386;11;32397;87;314;11;1;0;0;0;10;32389;10;5;32384;476;272;204;0;31908;330;3006;1283;19517;3139;4091;542;;;;;
181300;"przemyski";"podkarpackie";22;106;106;53402;56146;16331;37071;18;37089;84;472;14;0;0;0;0;14;37081;14;4;37077;939;626;313;0;36138;889;4638;1224;20698;3392;5022;;275;;;;
181400;"przeworski";"podkarpackie";22;82;82;56291;60202;14916;41397;18;41415;149;463;18;0;0;0;0;18;41407;18;1;41406;814;515;299;0;40592;783;5217;1603;24346;3615;4733;;295;;;;
181500;"ropczycko-sędziszowski";"podkarpackie";23;69;69;54206;56739;13663;40543;14;40557;88;246;12;2;0;0;0;10;40549;10;6;40543;606;347;259;0;39937;500;4558;1395;24492;4130;3959;903;;;;;
181600;"rzeszowski";"podkarpackie";23;124;124;123709;130939;26443;97266;29;97295;229;996;25;1;0;0;0;24;97227;24;51;97176;1289;719;570;0;95887;1869;11640;3983;52173;9655;13732;2835;;;;;
181700;"sanocki";"podkarpackie";22;82;82;67104;70115;20754;46349;33;46382;110;741;33;2;1;0;0;30;46375;30;8;46367;785;484;301;0;45582;899;7347;2365;23100;3708;7975;;188;;;;
181800;"stalowowolski";"podkarpackie";23;93;93;75807;78127;23153;52655;39;52694;123;463;37;5;0;0;0;32;52676;32;2;52674;729;420;309;0;51945;716;5176;2573;27612;4604;10452;812;;;;;
181900;"strzyżowski";"podkarpackie";23;65;65;45023;47185;12780;32255;8;32263;89;590;8;1;0;0;0;7;32261;7;9;32252;476;242;234;0;31776;517;3352;1310;18381;3247;3653;1316;;;;;
182000;"tarnobrzeski";"podkarpackie";23;51;51;39342;40473;12555;26783;16;26799;65;220;16;0;0;0;0;16;26796;16;13;26783;496;297;199;0;26287;341;4298;1022;14379;2171;3584;492;;;;;
182100;"leski";"podkarpackie";22;31;31;22600;24263;5487;17113;8;17121;53;2195;8;2;0;0;0;6;17119;6;5;17114;338;194;144;0;16776;287;3395;767;7441;1378;3434;;74;;;;
186100;"Krosno";"podkarpackie";22;28;28;32980;34357;8196;24775;21;24796;63;460;21;1;0;0;0;20;24799;20;9;24790;234;125;109;0;24556;505;3445;1575;10014;1990;6921;;106;;;;
186200;"Przemyśl";"podkarpackie";22;39;39;42452;43532;12740;29713;57;29770;102;696;50;3;0;0;0;47;29761;47;9;29752;405;242;163;0;29347;533;3411;1799;12065;2454;8906;;179;;;;
186300;"Rzeszów";"podkarpackie";23;102;102;142955;152046;23502;119462;88;119550;153;2264;86;0;0;0;0;86;119509;86;44;119465;928;464;464;0;118537;2397;17126;10007;38517;11560;36140;2790;;;;;
186400;"Tarnobrzeg";"podkarpackie";23;34;34;33541;33878;9299;24241;15;24256;45;389;14;0;0;0;2;12;24251;12;4;24247;254;164;90;0;23993;266;3112;1421;9234;1710;7935;315;;;;;
200100;"augustowski";"podlaskie";24;54;54;40687;43285;11783;28943;13;28956;75;841;13;4;0;0;0;9;28951;9;36;28915;578;314;215;49;28337;396;4954;1861;13197;2598;4723;484;124;;;;
200200;"białostocki";"podlaskie";24;146;146;111360;118039;24379;86996;49;87045;174;2702;41;0;0;0;0;41;87021;41;10;87011;1322;626;545;151;85689;1042;16471;3588;35245;8862;18661;1494;326;;;;
200300;"bielski";"podlaskie";24;56;56;39251;41433;11144;28107;8;28115;111;596;8;1;0;0;0;7;28110;7;5;28105;569;323;189;57;27536;232;5013;1416;11620;2685;6088;319;163;;;;
200400;"grajewski";"podlaskie";24;46;46;33180;34932;11034;22146;8;22154;33;771;8;1;0;0;1;6;22151;6;1;22150;571;299;224;48;21579;224;3581;792;11291;2028;3127;453;83;;;;
200500;"hajnowski";"podlaskie";24;49;49;31600;34229;8979;22624;13;22637;34;1146;12;0;0;0;0;12;22633;12;20;22613;513;299;174;40;22100;230;5345;1762;5751;2169;6334;234;275;;;;
200600;"kolneński";"podlaskie";24;48;48;27013;28893;8798;18215;12;18227;52;464;12;1;0;0;1;10;18222;10;1;18221;367;199;131;37;17854;193;2697;509;10411;1678;1798;451;117;;;;
200700;"łomżyński";"podlaskie";24;61;61;36546;39077;10446;26098;3;26101;89;271;3;0;0;0;0;3;26101;3;4;26097;509;246;221;42;25588;268;3383;572;15083;2653;2863;602;164;;;;
200800;"moniecki";"podlaskie";24;43;43;28736;30259;10099;18635;7;18642;55;231;7;0;0;0;0;7;18639;7;0;18639;402;240;147;15;18237;204;3159;551;9594;2067;2336;273;53;;;;
200900;"sejneński";"podlaskie";24;22;22;14345;15207;4607;9738;5;9743;38;223;5;2;0;0;0;3;9738;3;1;9737;230;114;94;22;9507;146;2056;528;3888;774;1855;118;142;;;;
201000;"siemiatycki";"podlaskie";24;54;54;32188;33506;10849;21339;5;21344;63;797;5;0;0;0;0;5;21338;5;4;21334;441;224;185;32;20893;212;3620;908;9580;2069;3995;332;177;;;;
201100;"sokólski";"podlaskie";24;73;73;47766;50227;15225;32527;6;32533;124;611;5;0;2;0;0;5;32543;5;2;32541;693;357;273;63;31848;355;5470;1136;16054;3156;5064;492;121;;;;
201200;"suwalski";"podlaskie";24;42;42;25597;27064;7180;18417;6;18423;78;312;6;0;0;0;0;6;18423;6;7;18416;463;252;162;49;17953;267;3294;787;8518;2017;2601;344;125;;;;
201300;"wysokomazowiecki";"podlaskie";24;68;68;40504;42840;10198;30305;12;30317;76;453;12;0;0;0;0;12;30317;12;0;30317;469;206;216;47;29848;301;4182;626;18368;3082;2686;537;66;;;;
201400;"zambrowski";"podlaskie";24;49;49;31407;33061;9116;22291;6;22297;57;216;6;0;0;0;0;6;22296;6;24;22272;403;182;187;34;21869;213;4075;639;11456;2091;2948;387;60;;;;
206100;"Białystok";"podlaskie";24;185;185;198919;215144;31766;167133;168;167301;226;4406;154;18;3;0;1;132;167146;132;113;167033;1757;830;729;198;165276;1884;36932;10921;51738;15980;44811;2391;619;;;;
206200;"Łomża";"podlaskie";24;32;32;41774;43912;10670;31104;24;31128;51;446;23;5;0;1;0;17;31113;17;7;31106;374;174;166;34;30732;303;4668;1088;13645;2596;7825;529;78;;;;
206300;"Suwałki";"podlaskie";24;38;38;48298;49986;13290;34919;15;34934;58;664;15;1;0;0;0;14;34927;14;12;34915;517;234;229;54;34398;611;5998;1794;12838;3143;9256;558;200;;;;
220100;"bytowski";"pomorskie";26;102;102;54095;57426;15308;38786;19;38805;60;554;19;8;0;0;0;11;38790;11;5;38785;808;476;332;0;37977;637;4567;2831;14115;2919;12153;755;;;;;
220200;"chojnicki";"pomorskie";26;85;85;66453;71034;15740;50707;25;50732;71;781;24;4;0;0;0;20;50720;20;12;50708;945;518;427;0;49763;908;6825;3717;18623;4057;14630;1003;;;;;
220300;"człuchowski";"pomorskie";26;74;74;39836;41687;12373;27461;14;27475;40;430;14;2;1;1;0;10;27471;10;2;27469;706;422;284;0;26763;552;3536;2367;8519;1919;9449;421;;;;;
220400;"gdański";"pomorskie";25;73;73;84449;90985;13784;70603;38;70641;104;1410;31;3;0;0;0;28;70630;28;20;70610;1229;616;449;164;69381;1112;11726;5044;15536;5000;29913;1050;;;;;
220500;"kartuski";"pomorskie";26;108;108;98825;105414;16344;82479;26;82505;94;1232;25;2;0;0;0;23;82481;23;59;82422;1288;677;611;0;81134;1336;11425;4950;27074;7016;25536;3797;;;;;
220600;"kościerski";"pomorskie";26;62;62;49668;53688;9979;39690;27;39717;74;691;27;10;0;0;1;16;39712;16;6;39706;800;404;396;0;38906;645;5669;2372;14799;2929;11517;975;;;;;
220700;"kwidzyński";"pomorskie";25;77;77;56189;59656;16472;39692;11;39703;62;322;9;2;0;0;0;7;39695;7;14;39681;1110;633;365;112;38571;799;5064;4200;12573;2789;12588;558;;;;;
220800;"lęborski";"pomorskie";26;56;56;43705;47011;10036;33666;11;33677;63;670;11;2;1;1;1;6;33667;6;6;33661;578;317;261;0;33083;513;4334;2772;9795;2435;12632;602;;;;;
220900;"malborski";"pomorskie";25;44;44;43047;45807;11489;31554;8;31562;83;352;8;0;0;0;0;8;31554;8;13;31541;704;411;228;65;30837;587;4871;2764;8719;2038;11551;307;;;;;
221000;"nowodworski";"pomorskie";25;39;39;25652;27425;6831;18868;4;18872;26;853;4;2;0;0;0;2;18872;2;4;18868;484;249;187;48;18384;362;2563;1291;5354;1168;7445;201;;;;;
221100;"pucki";"pomorskie";26;77;77;63005;68212;10755;52252;23;52275;62;1632;23;0;0;0;0;23;52239;23;15;52224;794;416;378;0;51430;946;7813;3743;14785;3750;19431;962;;;;;
221200;"słupski";"pomorskie";26;124;124;69032;72802;19942;49085;33;49118;97;2042;31;6;2;0;1;22;49105;22;13;49092;1055;620;435;0;48037;781;6250;3991;14963;3460;17829;763;;;;;
221300;"starogardzki";"pomorskie";25;110;110;85805;92744;20866;64909;39;64948;118;736;38;2;0;0;0;36;64930;36;23;64907;1679;1003;499;177;63228;1024;9059;4208;24295;4506;18713;1423;;;;;
221400;"tczewski";"pomorskie";25;100;100;78152;82523;19900;58287;13;58300;81;670;11;1;0;0;0;10;58283;10;42;58241;1361;843;382;136;56880;984;9303;4163;18388;4074;19034;934;;;;;
221500;"wejherowski";"pomorskie";26;128;128;149593;162157;25328;124290;45;124335;166;1469;42;2;1;0;0;39;124325;39;91;124234;1614;828;786;0;122620;2126;17170;9099;34376;9926;47236;2687;;;;;
221600;"sztumski";"pomorskie";25;43;43;28389;30459;9531;18867;11;18878;35;131;10;0;0;0;1;9;18868;9;3;18865;742;503;197;42;18123;357;2571;1379;6158;1036;6416;206;;;;;
226100;"Gdańsk";"pomorskie";25;202;202;334307;369589;32592;301518;243;301761;342;7821;227;10;1;1;0;216;301514;216;300;301214;2847;1288;1083;476;298367;3434;43187;32730;59689;16843;139254;3230;;;;;
226200;"Gdynia";"pomorskie";26;118;118;167131;183307;18501;148582;128;148710;319;4083;123;12;2;0;0;110;148644;111;154;148490;1185;616;569;0;147305;2049;20127;16573;29843;8136;68851;1726;;;;;
226300;"Słupsk";"pomorskie";26;47;47;59614;63200;13212;46387;50;46437;76;1125;48;10;2;0;0;36;46416;36;18;46398;517;242;275;0;45881;591;5077;4472;12817;2656;19645;623;;;;;
226400;"Sopot";"pomorskie";25;23;23;25766;27963;3069;22718;25;22743;95;1397;25;4;0;0;0;21;22725;21;26;22699;183;86;75;22;22516;212;2255;2188;4606;952;12095;208;;;;;
240100;"będziński";"śląskie";32;100;100;104599;112981;18557;86035;63;86098;198;1385;60;10;0;0;0;50;86077;50;25;86052;1087;658;429;0;84965;1425;8412;18337;23026;4727;27780;1258;;;;;
240200;"bielski";"śląskie";27;95;95;118535;126062;19180;99357;79;99436;212;1167;79;10;1;0;0;68;99397;69;51;99346;1144;584;560;0;98202;1541;15562;7428;34373;8083;28405;2535;;275;;;
240300;"cieszyński";"śląskie";27;127;127;126369;136796;24321;102046;94;102140;222;3488;85;6;1;0;1;77;102088;77;11;102077;1418;785;633;0;100659;2199;16415;9225;33164;7873;29118;2351;;314;;;
240400;"częstochowski";"śląskie";28;143;143;98541;105199;20151;78408;34;78442;158;692;31;8;0;0;0;23;78428;23;56;78372;1856;1075;589;192;76516;1930;11797;6550;31150;5145;18841;1103;;;;;
240500;"gliwicki";"śląskie";29;87;87;79289;85729;17925;61363;31;61394;79;672;29;1;0;0;1;27;61347;26;18;61329;1021;645;376;0;60308;1273;8918;4542;19845;4462;19121;2147;;;;;
240600;"kłobucki";"śląskie";28;72;72;61211;65800;12948;48270;21;48291;105;407;19;4;0;0;0;15;48275;15;7;48268;1094;654;328;112;47174;826;11540;3335;18305;3109;9138;921;;;;;
240700;"lubliniecki";"śląskie";28;71;71;55882;59587;14963;40914;32;40946;71;467;30;7;0;0;0;23;40935;23;10;40925;1045;538;397;110;39880;926;5585;1957;15178;3151;11873;1210;;;;;
240800;"mikołowski";"śląskie";30;65;65;69531;74306;11648;57878;37;57915;140;557;33;2;0;0;1;30;57904;30;9;57895;809;399;314;96;57086;1001;8802;3562;17937;4613;19872;1299;;;;;
240900;"myszkowski";"śląskie";28;61;61;50600;54328;10883;39709;26;39735;128;378;24;2;0;0;0;22;39720;23;29;39691;836;469;293;74;38855;667;4711;3650;15575;2671;10913;668;;;;;
241000;"pszczyński";"śląskie";27;74;74;77597;82589;13312;64288;49;64337;86;788;48;6;1;0;1;41;64317;41;9;64308;821;439;382;0;63487;1236;7863;4233;26331;5181;16571;1874;;198;;;
241100;"raciborski";"śląskie";30;85;85;73971;78721;23287;50684;39;50723;88;459;38;5;0;0;0;33;50692;33;16;50676;1159;749;337;73;49517;952;6613;3262;18228;3714;15510;1238;;;;;
241200;"rybnicki";"śląskie";30;48;48;54209;57856;11579;42644;13;42657;96;223;13;2;1;1;0;9;42654;9;5;42649;842;415;323;104;41807;985;5324;2646;17983;3594;10148;1127;;;;;
241300;"tarnogórski";"śląskie";29;93;93;100854;107314;21422;79355;84;79439;150;748;81;20;1;0;1;59;79414;59;99;79315;984;539;445;0;78331;1351;11523;6027;25530;5273;26359;2268;;;;;
241400;"bieruńsko-lędziński";"śląskie";31;42;42;41665;44674;7540;34124;23;34147;97;366;23;1;1;0;0;21;34139;21;21;34118;486;252;234;0;33632;743;4335;1964;14735;2880;8029;946;;;;;
241500;"wodzisławski";"śląskie";30;100;100;107073;115529;22965;84095;48;84143;222;721;47;1;0;0;1;45;84113;45;30;84083;1409;703;548;158;82674;2055;9403;4848;33985;6719;23473;2191;;;;;
241600;"zawierciański";"śląskie";32;123;123;85736;90704;18760;66965;32;66997;138;860;32;5;0;0;0;27;66990;27;14;66976;1065;662;403;0;65911;996;7896;8351;25589;4653;17518;908;;;;;
241700;"żywiecki";"śląskie";27;107;107;107871;116066;21237;86647;85;86732;270;1320;83;5;0;2;2;74;86686;74;14;86672;1481;824;657;0;85191;1421;10764;5060;40169;6673;18832;2020;;252;;;
246100;"Bielsko-Biała";"śląskie";27;77;77;120097;125690;21093;98839;104;98943;181;1971;98;9;0;0;2;87;98851;87;152;98699;892;475;417;0;97807;1286;14174;8655;29469;7099;34751;2170;;203;;;
246200;"Bytom";"śląskie";29;81;81;101519;109262;26363;75154;58;75212;98;593;56;5;1;0;2;48;75165;48;37;75128;1190;655;535;0;73938;1428;9135;7665;23072;5202;25903;1533;;;;;
246300;"Chorzów";"śląskie";31;63;63;71096;74222;17255;53850;48;53898;98;416;45;8;0;0;0;37;53882;37;13;53869;772;411;361;0;53097;1023;6533;4762;14475;3593;21636;1075;;;;;
246400;"Częstochowa";"śląskie";28;136;136;149927;160015;26847;123073;186;123259;186;1958;176;22;0;0;1;153;123208;154;159;123049;1533;666;587;280;121516;2426;14065;15005;37548;7180;43548;1744;;;;;
246500;"Dąbrowa Górnicza";"śląskie";32;67;67;82555;88190;15013;67526;36;67562;72;1092;31;8;2;0;3;19;67526;19;59;67467;698;369;329;0;66769;886;5937;17745;18465;3408;19450;878;;;;;
246600;"Gliwice";"śląskie";29;119;119;121530;129416;21656;99874;74;99948;215;1176;74;2;1;0;0;71;99933;71;23;99910;1218;621;597;0;98692;1665;12558;9764;25641;6515;40642;1907;;;;;
246700;"Jastrzębie-Zdrój";"śląskie";30;38;38;59842;63206;14291;45548;28;45576;86;407;28;2;0;1;0;25;45571;25;19;45552;831;418;341;72;44721;1122;4360;3757;19120;3414;11968;980;;;;;
246800;"Jaworzno";"śląskie";32;48;48;61861;67099;11364;50480;48;50528;119;813;44;2;0;0;1;41;50521;41;49;50472;658;361;297;0;49814;854;4963;8077;15465;3326;16295;834;;;;;
246900;"Katowice";"śląskie";31;168;168;206304;218075;34334;171998;170;172168;254;3579;151;16;1;0;0;134;172123;132;428;171695;1768;914;854;0;169927;2856;21672;17239;44275;10440;70649;2796;;;;;
247000;"Mysłowice";"śląskie";31;40;40;50123;53416;9656;40461;21;40482;79;591;17;1;0;0;1;15;40476;15;23;40453;502;285;217;0;39951;751;5006;3576;13831;2947;13181;659;;;;;
247100;"Piekary Śląskie";"śląskie";31;32;32;36882;39782;7602;29277;11;29288;58;226;11;4;0;0;0;7;29282;7;11;29271;481;281;200;0;28790;443;2610;1614;10665;1714;11205;539;;;;;
247200;"Ruda Śląska";"śląskie";31;79;79;92170;98989;20226;71928;39;71967;108;608;39;2;0;0;0;37;71952;37;62;71890;971;486;485;0;70919;1362;10618;4936;25188;4868;22606;1341;;;;;
247300;"Rybnik";"śląskie";30;72;72;91840;98859;18533;73307;55;73362;94;840;55;13;0;0;0;42;73340;41;11;73329;1078;470;418;190;72251;1810;8990;5651;26184;5692;22238;1686;;;;;
247400;"Siemianowice Śląskie";"śląskie";31;41;41;44801;47853;8997;35799;29;35828;58;391;26;3;0;0;0;23;35824;23;11;35813;506;262;244;0;35307;508;4397;3092;9599;2144;13650;1917;;;;;
247500;"Sosnowiec";"śląskie";32;107;107;134636;147145;22904;111722;61;111783;158;2142;50;2;1;0;0;47;111748;47;80;111668;1168;650;518;0;110500;1338;10013;29136;29844;5398;33476;1295;;;;;
247600;"Świętochłowice";"śląskie";31;27;27;32504;34432;8614;23891;9;23900;24;213;9;0;0;0;0;9;23896;9;18;23878;420;256;164;0;23458;494;2850;1856;7551;1671;8601;435;;;;;
247700;"Tychy";"śląskie";31;67;67;84582;91441;12668;71892;43;71935;134;1002;41;4;0;0;0;37;71924;37;28;71896;810;373;437;0;71086;1308;11804;5470;22139;4983;24039;1343;;;;;
247800;"Zabrze";"śląskie";29;88;88;109607;118388;32029;77561;51;77612;113;1029;51;6;0;0;1;44;77581;44;103;77478;1339;724;615;0;76139;1661;9547;7675;22739;5482;27686;1349;;;;;
247900;"Żory";"śląskie";30;25;25;42082;45367;8026;34091;10;34101;48;454;10;0;0;0;0;10;34090;10;18;34072;530;250;207;73;33542;722;4033;2391;11793;2781;11195;627;;;;;
260100;"buski";"świętokrzyskie";33;93;93;55319;57929;14739;40580;14;40594;109;1861;13;1;1;0;0;11;40588;11;5;40583;900;462;372;66;39683;1253;6285;2407;20034;2260;6680;576;117;71;;;
260200;"jędrzejowski";"świętokrzyskie";33;96;96;61228;65945;14889;46339;16;46355;102;839;13;0;0;0;0;13;46351;13;7;46344;1024;577;366;81;45320;1065;6395;2490;24479;2952;7171;537;164;67;;;
260300;"kazimierski";"świętokrzyskie";33;34;34;24604;26759;7555;17045;12;17057;58;441;12;2;0;0;0;10;17055;10;9;17046;369;186;150;33;16677;258;3084;826;8941;1023;2246;146;132;21;;;
260400;"kielecki";"świętokrzyskie";33;233;233;153895;164814;33847;120033;40;120073;215;1439;36;4;1;0;0;31;120037;31;39;119998;2550;1454;916;180;117448;4600;14416;6966;60133;8931;19611;2199;323;269;;;
260500;"konecki";"świętokrzyskie";33;85;85;58300;61775;14836;43463;7;43470;125;625;7;0;0;0;0;7;43465;7;4;43461;972;512;392;68;42489;1002;4941;3836;21827;2569;7522;633;91;68;;;
260600;"opatowski";"świętokrzyskie";33;82;82;38192;40074;11437;26756;16;26772;60;385;15;2;0;0;0;13;26764;13;9;26755;815;424;337;54;25940;546;3687;1391;14720;1877;3208;325;104;82;;;
260700;"ostrowiecki";"świętokrzyskie";33;95;95;77212;80764;22438;54774;66;54840;121;755;66;7;2;0;1;56;54825;56;24;54801;1202;593;487;122;53599;1162;7728;4269;23048;3253;13145;571;307;116;;;
260800;"pińczowski";"świętokrzyskie";33;42;42;29198;30969;8296;20901;8;20909;66;248;8;0;0;0;0;8;20906;8;31;20875;498;253;202;43;20377;600;3019;1236;10502;1272;3401;237;75;35;;;
260900;"sandomierski";"świętokrzyskie";33;86;86;56116;59344;15970;40145;16;40161;122;660;14;0;0;0;0;14;40156;14;4;40152;884;525;296;63;39268;537;8663;2169;18483;2541;6237;407;145;86;;;
261000;"skarżyski";"świętokrzyskie";33;63;63;52668;55774;12530;40139;29;40168;129;1077;27;2;1;0;0;24;40156;24;9;40147;714;356;277;81;39433;947;4193;2917;15828;2322;12450;537;141;98;;;
261100;"starachowicki";"świętokrzyskie";33;69;69;63158;66999;16371;46795;21;46816;123;654;20;5;0;0;0;15;46806;15;26;46780;915;465;384;66;45865;1118;5783;2954;21237;3213;10688;531;229;112;;;
261200;"staszowski";"świętokrzyskie";33;88;88;52648;55186;14694;37950;12;37962;86;425;12;1;0;0;0;11;37960;11;21;37939;890;479;341;70;37049;1064;4611;1884;20783;2705;5300;501;115;86;;;
261300;"włoszczowski";"świętokrzyskie";33;41;41;33313;35318;8395;24918;4;24922;51;398;4;0;0;0;0;4;24919;3;2;24917;520;276;222;22;24397;459;3776;1335;13917;1588;2902;240;130;50;;;
266100;"Kielce";"świętokrzyskie";33;95;95;134313;144403;21452;112834;104;112938;145;2263;93;4;0;0;2;87;112884;87;93;112791;1204;526;558;120;111587;4350;14394;10368;36334;6691;37380;1650;237;183;;;
280100;"bartoszycki";"warmińsko-mazurskie";34;54;54;41015;42268;14270;26747;12;26759;42;485;11;1;0;0;2;8;26750;8;1;26749;913;566;267;80;25836;356;3186;1760;9420;1523;9183;329;;79;;;
280200;"braniewski";"warmińsko-mazurskie";34;40;40;28317;29423;9628;18699;5;18704;58;227;5;0;2;0;0;3;18700;3;0;18700;619;403;163;53;18081;245;2839;1375;6509;1204;5578;267;;64;;;
280300;"działdowski";"warmińsko-mazurskie";34;78;78;46074;47967;13804;32269;19;32288;38;309;17;0;0;0;0;17;32283;17;7;32276;1045;669;315;61;31231;531;4560;2496;13595;2152;7483;316;;98;;;
280400;"elbląski";"warmińsko-mazurskie";34;59;59;39546;42452;12179;27368;15;27383;49;444;13;2;0;0;0;11;27383;11;12;27371;856;525;273;58;26515;415;3982;1991;9330;1722;8660;309;;106;;;
280500;"ełcki";"warmińsko-mazurskie";35;58;58;61817;63813;21420;40396;14;40410;83;513;13;4;0;0;0;9;40390;9;10;40380;965;565;310;90;39415;741;5627;2570;14511;3301;11943;722;;;;;
280600;"giżycki";"warmińsko-mazurskie";35;54;54;39565;41467;11382;28175;13;28188;51;519;13;0;0;0;0;13;28191;13;3;28188;800;471;265;64;27388;746;4477;1863;8554;1783;9606;359;;;;;
280700;"iławski";"warmińsko-mazurskie";34;71;71;64367;68794;16959;47402;24;47426;61;652;24;1;0;0;0;23;47408;23;3;47405;1333;826;429;78;46072;701;8438;3202;16836;3499;12771;490;;135;;;
280800;"kętrzyński";"warmińsko-mazurskie";35;60;60;43691;45107;15745;27943;30;27973;60;359;29;1;0;0;0;28;27968;28;7;27961;895;566;247;82;27066;527;3809;2289;9528;1759;8799;355;;;;;
280900;"lidzbarski";"warmińsko-mazurskie";34;41;41;27063;29627;8032;19034;16;19050;33;365;16;1;0;0;0;15;19048;15;6;19042;611;407;153;51;18431;358;2484;1282;6340;1248;6450;208;;61;;;
281000;"mrągowski";"warmińsko-mazurskie";35;49;49;34833;36613;10294;24538;5;24543;56;637;5;1;0;0;0;4;24538;4;6;24532;676;392;218;66;23856;523;4069;1370;7672;1612;8101;509;;;;;
281100;"nidzicki";"warmińsko-mazurskie";35;37;37;22826;23998;7195;15629;12;15641;18;251;12;0;1;0;0;11;15636;11;0;15636;576;351;188;37;15060;299;1973;1010;6542;1092;3921;223;;;;;
281200;"nowomiejski";"warmińsko-mazurskie";34;58;58;30163;32190;8184;21974;2;21976;34;261;2;1;0;0;0;1;21973;1;22;21951;638;388;213;37;21313;301;5035;1069;9160;1717;3720;246;;65;;;
281300;"olecki";"warmińsko-mazurskie";35;34;34;23047;23995;8312;14737;4;14741;22;191;4;0;0;0;0;4;14736;4;6;14730;437;251;145;41;14293;304;2180;723;5504;1134;4198;250;;;;;
281400;"olsztyński";"warmińsko-mazurskie";35;153;153;93379;97957;25814;67556;36;67592;109;1206;33;3;0;0;1;29;67578;29;23;67555;1959;1142;611;206;65596;1224;11824;5555;18811;4743;22491;948;;;;;
281500;"ostródzki";"warmińsko-mazurskie";34;100;100;71628;76368;20596;51026;11;51037;82;747;11;2;0;0;0;9;51036;9;24;51012;1625;1008;526;91;49387;698;7628;4448;15961;3244;16745;515;;148;;;
281600;"piski";"warmińsko-mazurskie";35;46;46;38727;40834;12950;25777;8;25785;62;623;8;1;0;0;0;7;25782;7;5;25777;742;445;254;43;25035;653;3619;1192;11296;1678;6278;319;;;;;
281700;"szczycieński";"warmińsko-mazurskie";35;84;84;49358;52829;14224;35131;12;35143;108;893;12;1;0;0;0;11;35141;11;20;35121;1235;762;382;91;33886;557;6488;2542;12673;2351;8738;537;;;;;
281800;"gołdapski";"warmińsko-mazurskie";35;25;25;18413;18881;6715;11698;5;11703;24;377;5;0;0;0;0;5;11703;5;4;11699;380;249;107;24;11319;414;1792;742;4086;659;3495;131;;;;;
281900;"węgorzewski";"warmińsko-mazurskie";35;29;29;15927;16795;5077;10850;5;10855;15;231;5;1;0;0;0;4;10853;4;0;10853;369;227;111;31;10484;258;1872;912;3619;637;3043;143;;;;;
286100;"Elbląg";"warmińsko-mazurskie";34;62;62;80674;86152;17138;63443;53;63496;114;1783;52;7;0;0;0;45;63470;44;45;63425;911;456;343;112;62514;717;7949;6646;18222;3281;24820;659;;220;;;
286200;"Olsztyn";"warmińsko-mazurskie";35;101;101;118746;127035;19818;98935;120;99055;174;2175;111;10;0;1;1;99;99024;100;82;98942;1282;514;600;168;97660;1482;15277;10863;23636;6370;38726;1306;;;;;
300100;"chodzieski";"wielkopolskie";38;45;45;32771;35126;6806;25971;4;25975;52;393;4;0;0;0;1;3;25964;3;14;25950;765;486;201;78;25185;1063;4554;2114;6469;1577;9062;346;;;;;
300200;"czarnkowsko-trzcianecki";"wielkopolskie";38;82;82;60130;63993;14643;45482;15;45497;78;617;14;0;0;0;0;14;45493;14;15;45478;1419;861;452;106;44059;658;7341;3205;13807;2940;15282;826;;;;;
300300;"gnieźnieński";"wielkopolskie";37;127;127;103504;108782;21940;81549;58;81607;138;964;58;3;1;0;0;54;81588;54;68;81520;1855;1124;593;138;79665;1225;14734;11760;24586;5508;20502;931;419;;;;
300400;"gostyński";"wielkopolskie";36;90;90;52740;56786;12696;40045;8;40053;51;217;8;0;0;0;0;8;40040;8;0;40040;1200;692;377;131;38840;937;6089;4484;15165;3398;8006;761;;;;;
300500;"grodziski";"wielkopolskie";38;32;32;35770;38746;7745;28024;6;28030;56;167;6;0;0;0;0;6;28024;6;15;28009;798;456;269;73;27211;463;5065;2302;9043;2193;7577;568;;;;;
300600;"jarociński";"wielkopolskie";36;63;63;49580;53335;10782;38793;10;38803;50;332;10;0;0;0;0;10;38800;10;5;38795;1002;622;279;101;37793;716;5993;3091;15101;2519;9899;474;;;;;
300700;"kaliski";"wielkopolskie";36;97;97;59760;64302;13455;46307;14;46321;86;375;14;3;0;0;0;11;46310;11;5;46305;1181;675;396;110;45124;1106;7524;2994;21472;3349;7936;743;;;;;
300800;"kępiński";"wielkopolskie";36;54;54;40175;42646;8679;31496;10;31506;57;276;10;3;0;0;0;7;31499;7;6;31493;810;481;273;56;30683;474;4363;1709;11193;2181;10251;512;;;;;
300900;"kolski";"wielkopolskie";37;68;68;61683;64864;16350;45326;6;45332;96;387;6;2;0;0;0;4;45321;4;23;45298;1185;652;460;73;44113;908;6253;2856;21866;3323;8148;541;218;;;;
301000;"koniński";"wielkopolskie";37;111;111;94194;100115;22819;71373;6;71379;146;671;6;0;0;0;0;6;71373;6;14;71359;2009;1226;674;109;69350;2073;10034;5164;33583;4871;12453;994;178;;;;
301100;"kościański";"wielkopolskie";36;80;80;56681;60898;10761;46017;28;46045;46;909;25;1;0;0;2;22;46033;22;9;46024;1372;748;501;123;44652;921;8592;3898;13901;2851;13667;822;;;;;
301200;"krotoszyński";"wielkopolskie";36;70;70;53389;57297;12194;41196;20;41216;72;325;20;0;0;0;0;20;41207;20;3;41204;1079;593;354;132;40125;921;6824;3211;15671;2870;10030;598;;;;;
301300;"leszczyński";"wielkopolskie";36;50;50;41693;44763;8319;33374;9;33383;25;368;9;1;0;0;0;8;33374;8;48;33326;1093;642;396;55;32233;1029;5983;2851;10271;2640;8935;524;;;;;
301400;"międzychodzki";"wielkopolskie";38;27;27;25978;27750;6207;19771;1;19772;40;283;1;0;0;0;0;1;19769;1;2;19767;563;346;160;57;19204;320;3066;2161;5334;1181;6867;275;;;;;
301500;"nowotomyski";"wielkopolskie";38;56;56;52100;56593;9573;42527;4;42531;60;449;4;0;0;0;0;4;42520;4;11;42509;1004;607;304;93;41505;656;6316;2612;11217;2750;17255;699;;;;;
301600;"obornicki";"wielkopolskie";38;66;66;41287;43845;8305;32979;11;32990;33;738;10;2;0;0;0;8;32981;8;14;32967;979;664;260;55;31988;578;7673;2661;8582;2095;9813;586;;;;;
301700;"ostrowski";"wielkopolskie";36;147;147;113536;121837;22750;90774;67;90841;149;653;62;5;1;0;0;56;90810;56;28;90782;2020;1151;684;185;88762;1611;12395;7995;32211;6059;27182;1309;;;;;
301800;"ostrzeszowski";"wielkopolskie";36;68;68;39485;42028;9067;30418;14;30432;44;284;12;2;0;0;0;10;30415;10;8;30407;831;509;266;56;29576;559;5767;2089;11480;2174;7056;451;;;;;
301900;"pilski";"wielkopolskie";38;118;118;92236;98473;20344;71864;48;71912;117;1270;46;1;0;0;0;45;71887;45;40;71847;1662;1001;489;172;70185;1288;11379;5420;20713;4992;25273;1120;;;;;
302000;"pleszewski";"wielkopolskie";36;72;72;44639;47713;10402;34238;16;34254;75;243;16;0;0;0;0;16;34247;16;8;34239;1014;625;307;82;33225;623;5986;2274;13334;2246;8241;521;;;;;
302100;"poznański";"wielkopolskie";39;244;244;299469;314289;36282;263164;59;263223;342;3047;54;5;0;0;2;47;263150;47;136;263014;3266;1938;1328;0;259748;4871;45698;25881;54017;16156;113125;;;;;;
302200;"rawicki";"wielkopolskie";36;63;63;42850;45522;9661;33189;20;33209;35;368;20;1;0;0;1;18;33200;18;2;33198;1098;640;346;112;32100;747;5721;3002;10982;2448;8675;525;;;;;
302300;"słupecki";"wielkopolskie";37;61;61;42313;45247;10096;32226;3;32229;40;369;3;1;0;0;0;2;32221;2;8;32213;1050;690;311;49;31163;1682;6982;2160;12161;1968;5617;502;91;;;;
302400;"szamotulski";"wielkopolskie";38;62;62;66529;70823;12384;54106;21;54127;141;774;18;0;0;0;0;18;54103;18;19;54084;1470;897;462;111;52614;885;8436;3873;14160;3272;20968;1020;;;;;
302500;"średzki";"wielkopolskie";37;54;54;41855;45795;7361;34696;25;34721;44;617;23;2;0;0;0;21;34714;21;31;34683;855;476;317;62;33828;637;6356;3122;10411;2752;9795;549;206;;;;
302600;"śremski";"wielkopolskie";37;47;47;43169;46162;8973;34195;8;34203;50;609;8;0;0;0;0;8;34191;8;46;34145;882;512;281;89;33263;652;6160;3095;10270;2506;9597;623;360;;;;
302700;"turecki";"wielkopolskie";37;66;66;59662;63103;13891;45772;20;45792;97;448;20;3;0;0;0;17;45778;17;10;45768;997;519;380;98;44771;1147;6729;3442;21089;3047;8522;638;157;;;;
302800;"wągrowiecki";"wielkopolskie";38;77;77;48535;51960;10712;37833;10;37843;49;329;9;0;0;0;0;9;37838;9;16;37822;1151;723;315;113;36671;528;7770;3493;11170;2417;10700;593;;;;;
302900;"wolsztyński";"wielkopolskie";38;47;47;40242;43107;7925;32308;2;32310;26;376;2;1;0;0;0;1;32306;1;11;32295;986;548;354;84;31309;617;6368;2141;9445;2603;9575;560;;;;;
303000;"wrzesiński";"wielkopolskie";37;69;69;55671;59044;11092;44574;21;44595;41;503;21;0;0;0;0;21;44595;21;14;44581;979;589;291;99;43602;758;6890;3952;14370;3056;13648;576;352;;;;
303100;"złotowski";"wielkopolskie";38;71;71;47661;50875;13262;34400;15;34415;59;438;15;2;0;0;0;13;34409;13;23;34386;1082;694;290;98;33304;822;5028;2396;10361;2350;11742;605;;;;;
306100;"Kalisz";"wielkopolskie";36;56;56;67878;72093;12693;55165;53;55218;55;404;52;2;1;0;1;48;55191;48;31;55160;842;502;281;59;54318;2213;7316;4442;15728;3060;20948;611;;;;;
306200;"Konin";"wielkopolskie";37;47;47;50288;53263;10265;40019;44;40063;38;633;43;5;1;0;0;37;40041;37;6;40035;547;296;205;46;39488;769;5602;4210;13856;2177;12298;422;154;;;;
306300;"Leszno";"wielkopolskie";36;34;34;43244;45429;7884;35350;28;35378;61;480;28;8;0;0;0;20;35368;19;12;35356;520;292;179;49;34836;1077;5075;4182;7907;2043;14164;388;;;;;
306400;"Poznań";"wielkopolskie";39;260;260;384471;408994;45071;339425;266;339691;432;6968;238;17;2;0;1;218;339514;218;362;339152;2862;1473;1389;0;336290;4606;52891;47464;62649;19026;149654;;;;;;
320100;"białogardzki";"zachodniopomorskie";40;36;36;32137;33831;10125;22012;7;22019;60;285;7;0;0;0;0;7;22017;7;8;22009;661;425;236;0;21348;326;2244;1744;7057;1341;8416;220;;;;;
320200;"choszczeński";"zachodniopomorskie";40;63;63;32790;34868;10036;22754;5;22759;52;451;5;0;0;0;0;5;22757;5;4;22753;810;557;253;0;21943;373;2543;2039;7783;1327;7515;363;;;;;
320300;"drawski";"zachodniopomorskie";40;63;63;39724;41682;12437;27284;19;27303;45;362;19;2;0;0;0;17;27302;17;2;27300;775;513;262;0;26525;403;3927;2466;8609;1811;8969;340;;;;;
320400;"goleniowski";"zachodniopomorskie";41;73;73;57895;62097;14130;43762;18;43780;68;497;17;1;0;0;0;16;43770;16;7;43763;1156;721;435;0;42607;719;6171;3619;12849;2793;15894;418;144;;;;
320500;"gryficki";"zachodniopomorskie";41;59;59;42252;44169;12489;29764;13;29777;82;1117;10;0;0;0;0;10;29765;10;24;29741;854;554;300;0;28887;409;4463;2572;9542;1552;9934;250;165;;;;
320600;"gryfiński";"zachodniopomorskie";41;83;83;55411;59783;14539;40871;16;40887;92;776;15;2;1;1;3;9;40854;9;6;40848;1119;707;412;0;39729;658;4492;3224;14147;2446;14066;503;193;;;;
320700;"kamieński";"zachodniopomorskie";41;50;50;33105;36313;8266;24838;14;24852;47;1596;14;0;0;0;1;13;24841;13;2;24839;679;464;215;0;24160;346;3083;2084;7371;1352;9556;248;120;;;;
320800;"kołobrzeski";"zachodniopomorskie";40;63;63;59943;65492;11269;48673;23;48696;74;6700;20;1;1;0;0;18;48675;18;6;48669;923;567;356;0;47746;562;5438;4037;14362;2355;20254;738;;;;;
320900;"koszaliński";"zachodniopomorskie";40;75;75;46466;49922;11695;34765;17;34782;48;1814;16;1;2;0;0;13;34774;13;1;34773;1045;703;342;0;33728;723;5190;2449;10333;2315;12253;465;;;;;
321000;"myśliborski";"zachodniopomorskie";41;70;70;44462;47490;12705;31754;10;31764;72;489;10;0;0;0;0;10;31761;10;10;31751;860;587;273;0;30891;523;3321;3448;9858;1828;11303;386;224;;;;
321100;"policki";"zachodniopomorskie";41;51;51;56641;60698;9020;47610;10;47620;77;957;6;1;1;0;0;4;47610;4;17;47593;656;369;287;0;46937;739;6332;4189;10828;2864;21321;495;169;;;;
321200;"pyrzycki";"zachodniopomorskie";41;35;35;26656;28487;7257;19196;7;19203;32;302;6;0;0;0;0;6;19196;6;0;19196;561;356;205;0;18635;400;2477;1447;7782;1129;5002;280;118;;;;
321300;"sławieński";"zachodniopomorskie";40;73;73;40659;42659;11607;29051;16;29067;37;2243;15;1;0;0;0;14;29061;14;3;29058;776;530;246;0;28282;694;3225;2204;9716;1844;10232;367;;;;;
321400;"stargardzki";"zachodniopomorskie";41;104;104;83395;88805;19430;63962;21;63983;161;863;17;2;0;2;0;13;63972;13;9;63963;1296;803;493;0;62667;1388;8092;5114;19881;3855;23336;771;230;;;;
321500;"szczecinecki";"zachodniopomorskie";40;70;70;52497;55606;15329;37162;15;37177;121;775;14;1;0;0;0;13;37171;13;4;37167;965;683;282;0;36202;622;3921;2733;12847;2227;13442;410;;;;;
321600;"świdwiński";"zachodniopomorskie";40;45;45;32773;34304;10464;22307;8;22315;36;323;8;1;0;1;0;6;22312;6;2;22310;646;412;234;0;21664;313;2881;2818;7642;1275;6516;219;;;;;
321700;"wałecki";"zachodniopomorskie";40;46;46;36364;38267;9925;26438;7;26445;49;321;6;0;0;0;0;6;26434;6;10;26424;663;472;191;0;25761;370;3408;2429;7701;1516;10053;284;;;;;
321800;"łobeski";"zachodniopomorskie";41;33;33;24676;26015;8260;16415;10;16425;35;217;9;0;0;0;0;9;16422;9;2;16420;614;404;210;0;15806;257;2714;1220;5605;894;4785;121;210;;;;
326100;"Koszalin";"zachodniopomorskie";40;55;55;73811;78643;14060;59747;68;59815;135;1725;58;3;0;0;0;55;59781;55;22;59759;809;497;312;0;58950;878;6999;5182;14973;3368;26975;575;;;;;
326200;"Szczecin";"zachodniopomorskie";41;208;208;264675;286421;41462;223188;172;223360;331;4464;158;14;1;1;1;142;223183;142;128;223055;2349;1174;1175;0;220706;3252;26544;21585;55718;12996;97615;2473;523;;;;
326300;"Świnoujście";"zachodniopomorskie";41;27;27;29461;31531;5885;23576;8;23584;34;2221;6;0;0;0;0;6;23568;6;2;23566;283;166;117;0;23283;294;2268;3530;5994;1233;9615;273;76;;;;
